AMAZONAS	LETICIA	910001
AMAZONAS	PUERTO NARINO	911010
ANTIOQUIA	ABEJORRAL	55030
ANTIOQUIA	ABRIAQUI	57460
ANTIOQUIA	ALEJANDRIA	53820
ANTIOQUIA	AMAGA	55840
ANTIOQUIA	AMAGA - CAMILO C	55848
ANTIOQUIA	AMAGA - MINAS	55840
ANTIOQUIA	AMALFI	52840
ANTIOQUIA	ANDES	56060
ANTIOQUIA	ANGELOPOLIS	55830
ANTIOQUIA	ANGOSTURA	51810
ANTIOQUIA	ANORI	52850
ANTIOQUIA	ANORÍ	52850
ANTIOQUIA	ANZA	56850
ANTIOQUIA	APARTADO	57840
ANTIOQUIA	APARTADO - EL REPOSO	57847
ANTIOQUIA	ARBOLETES	57820
ANTIOQUIA	ARGELIA	54837
ANTIOQUIA	ARMENIA	55860
ANTIOQUIA	BARBOSA	51020
ANTIOQUIA	BELLO	51051
ANTIOQUIA	BELMIRA	51420
ANTIOQUIA	BETANIA	56070
ANTIOQUIA	BETULIA	56860
ANTIOQUIA	BRICENO	52060
ANTIOQUIA	BURITICA	57030
ANTIOQUIA	CACERES	52450
ANTIOQUIA	CACERES - GUARUMO	52457
ANTIOQUIA	CAICEDO	56840
ANTIOQUIA	CALDAS	55440
ANTIOQUIA	CAMPAMENTO	52020
ANTIOQUIA	CAMPAMENTO - LLANADAS	52027
ANTIOQUIA	CANASGORDAS	57060
ANTIOQUIA	CARACOLI	53450
ANTIOQUIA	CARAMANTA	56040
ANTIOQUIA	CAREPA	57850
ANTIOQUIA	CAROLINA - CAROLINA DEL PRINCIPE	51840
ANTIOQUIA	CAUCASIA	52410
ANTIOQUIA	CHIGORODO	57410
ANTIOQUIA	CISNEROS	53050
ANTIOQUIA	CIUDAD BOLIVAR	56460
ANTIOQUIA	COCORNA	54440
ANTIOQUIA	CONCEPCION	53810
ANTIOQUIA	CONCORDIA	56410
ANTIOQUIA	COPACABANA	51040
ANTIOQUIA	DABEIBA	57430
ANTIOQUIA	DONMATIAS	51850
ANTIOQUIA	EBEJICO	55810
ANTIOQUIA	EL BAGRE	52430
ANTIOQUIA	EL CARMEN DE VIBORAL	54030
ANTIOQUIA	EL JARDIN TAMANÁ	52458
ANTIOQUIA	EL PESCADO	57050
ANTIOQUIA	EL PITAL	57447
ANTIOQUIA	EL SANTUARIO	54450
ANTIOQUIA	ENTRERRIOS	51430
ANTIOQUIA	ENVIGADO	55420
ANTIOQUIA	FREDONIA	55070
ANTIOQUIA	FRONTINO	57450
ANTIOQUIA	GIRALDO	57040
ANTIOQUIA	GIRARDOTA	51030
ANTIOQUIA	GOMEZ PLATA	51830
ANTIOQUIA	GRANADA	54410
ANTIOQUIA	GUADALUPE	51820
ANTIOQUIA	GUARNE	54050
ANTIOQUIA	GUATAPE	53840
ANTIOQUIA	HELICONIA	55820
ANTIOQUIA	HISPANIA	56450
ANTIOQUIA	ITAGUI	55412
ANTIOQUIA	ITUANGO	52070
ANTIOQUIA	JARDIN	56050
ANTIOQUIA	JERICO	56010
ANTIOQUIA	LA CEJA	55010
ANTIOQUIA	LA ESTRELLA	55460
ANTIOQUIA	LA PESCA	53437
ANTIOQUIA	LA PINTADA	55060
ANTIOQUIA	LA UNION	55020
ANTIOQUIA	LIBORINA	51460
ANTIOQUIA	MACEO	53460
ANTIOQUIA	MARINILLA	54020
ANTIOQUIA	MEDELLIN	50015
ANTIOQUIA	MEDELLIN - PALMITAS	50048
ANTIOQUIA	MEDELLÍN - SAN ANTONIO DE PRADO	50029
ANTIOQUIA	MEDELLIN - SANTA ELENA	50017
ANTIOQUIA	MONTEBELLO	55040
ANTIOQUIA	MURINDO	56810
ANTIOQUIA	MUTATA	57420
ANTIOQUIA	NARINO	54840
ANTIOQUIA	NECHI	52420
ANTIOQUIA	NECOCLI	57870
ANTIOQUIA	OLAYA	51450
ANTIOQUIA	PENOL - EL PENOL	53857
ANTIOQUIA	PEQUE	57010
ANTIOQUIA	PEQUE - LLANOS	57017
ANTIOQUIA	PUEBLORRICO	56440
ANTIOQUIA	PUERTO BERRIO	53420
ANTIOQUIA	PUERTO NARE	53430
ANTIOQUIA	PUERTO TRIUNFO	53440
ANTIOQUIA	PUERTO TRIUNFO - DORADAL	53448
ANTIOQUIA	REMEDIOS	52820
ANTIOQUIA	REMEDIOS - LA CRUZADA	52828
ANTIOQUIA	REMEDIOS - SANTA ISABEL	52828
ANTIOQUIA	RETIRO - EL RETIRO	55430
ANTIOQUIA	RIONEGRO	54040
ANTIOQUIA	SABANALARGA	57020
ANTIOQUIA	SABANETA	55450
ANTIOQUIA	SALGAR	56470
ANTIOQUIA	SAN ANDRES DE CUERQUIA	52040
ANTIOQUIA	SAN CARLOS	54420
ANTIOQUIA	SAN FRANCISCO	54810
ANTIOQUIA	SAN JERONIMO	51070
ANTIOQUIA	SAN JOSE DE LA MONTANA	51410
ANTIOQUIA	SAN JOSE DEL NUS	53037
ANTIOQUIA	SAN JUAN DE URABA	57810
ANTIOQUIA	SAN LUIS	54430
ANTIOQUIA	SAN PEDRO DE LOS MILAGROS	51010
ANTIOQUIA	SAN PEDRO DE URABA	57830
ANTIOQUIA	SAN RAFAEL	53830
ANTIOQUIA	SAN ROQUE	53030
ANTIOQUIA	SANTA BARBARA	55050
ANTIOQUIA	SANTA FE DE ANTIOQUIA	57050
ANTIOQUIA	SANTA ROSA DE OSOS	51860
ANTIOQUIA	SANTO DOMINGO	53040
ANTIOQUIA	SAN VICENTE FERRER - SAN VICENTE	54010
ANTIOQUIA	SEGOVIA	52810
ANTIOQUIA	SONSON	54820
ANTIOQUIA	SOPETRAN	51440
ANTIOQUIA	TAMESIS	56020
ANTIOQUIA	TARAZA	52460
ANTIOQUIA	TARSO	56430
ANTIOQUIA	TITIRIBI	55850
ANTIOQUIA	TITIRIBI - OTRAMINA	55857
ANTIOQUIA	TOLEDO	52050
ANTIOQUIA	TURBO	57860
ANTIOQUIA	TURBO - CURRULAO	57868
ANTIOQUIA	TURBO - EL TRES	57868
ANTIOQUIA	TURBO - NUEVA COLONIA	57868
ANTIOQUIA	URAMITA	57440
ANTIOQUIA	URRAO	56830
ANTIOQUIA	VALDIVIA	52010
ANTIOQUIA	VALDIVIA - PUERTO VALDIVIA	52017
ANTIOQUIA	VALPARAISO	56030
ANTIOQUIA	VEGACHI	52830
ANTIOQUIA	VENECIA	56420
ANTIOQUIA	VENECIA - BOLOMBOLO	56427
ANTIOQUIA	YALI	53017
ANTIOQUIA	YARUMAL	52030
ANTIOQUIA	YOLOMBO	53020
ANTIOQUIA	YONDO	53410
ANTIOQUIA	ZARAGOZA	52440
ARAUCA	ARAUCA	810001
ARAUCA	ARAUQUITA	816010
ARAUCA	ARAUQUITA - LA ESMERALDA (JUJUA)	816017
ARAUCA	ARAUQUITA - LA PESQUERA	816017
ARAUCA	ARAUQUITA - PUEBLO NUEVO	816019
ARAUCA	CRAVO NORTE	812010
ARAUCA	FORTUL	814050
ARAUCA	PUERTO RONDON	813010
ARAUCA	SARAVENA	815010
ARAUCA	TAME	814010
ARCHIPIELAGO DE SAN ANDRES, PROVIDENCIA Y SANTA CATALINA	SAN ANDRES	880001
ATLANTICO	BARANOA	82020
ATLANTICO	BARANOA - CAMPECHE	82028
ATLANTICO	BARANOA - SIBARCO	82027
ATLANTICO	BARRANQUILLA	80016
ATLANTICO	CAMPO DE LA CRUZ	84040
ATLANTICO	CANDELARIA	84020
ATLANTICO	GALAPA	82001
ATLANTICO	JUAN DE ACOSTA	81040
ATLANTICO	JUAN DE ACOSTA - SANTA VERONICA	81048
ATLANTICO	LURUACO	85060
ATLANTICO	LURUACO - ARROYO DE PIEDRA	85067
ATLANTICO	LURUACO - LOS PENDALES	85068
ATLANTICO	MALAMBO	83021
ATLANTICO	MANATI	85020
ATLANTICO	PALMAR DE VARELA	83080
ATLANTICO	PIOJO	81060
ATLANTICO	POLONUEVO	82040
ATLANTICO	PONEDERA	84001
ATLANTICO	PONEDERA - CASCAJAL	84008
ATLANTICO	PONEDERA - PUERTO GIRALDO	84008
ATLANTICO	PUERTO COLOMBIA	81001
ATLANTICO	REPELON	85040
ATLANTICO	REPELON - ROTINET	85047
ATLANTICO	SABANAGRANDE	83040
ATLANTICO	SABANALARGA	85001
ATLANTICO	SABANALARGA - ISABEL LOPEZ	85007
ATLANTICO	SANTA LUCIA	84080
ATLANTICO	SANTO TOMAS	83060
ATLANTICO	SOLEDAD	83005
ATLANTICO	SUAN	84060
ATLANTICO	TUBARA	81020
ATLANTICO	TUBARA - CORRAL DE SAN LUIS	81020
ATLANTICO	TUBARA - PLAYAS DE EDRIMAN	81028
ATLANTICO	USIACURI	82060
BOGOTA	BOGOTA, D.C. - BOGOTA, DISTRITO CAPITAL	111611
BOGOTÁ D.C.	BOGOTÁ D.C.	111611
BOGOTA, D.C.	LOCALIDAD ENGATIVA	111611
BOLIVAR	ACHI	134020
BOLIVAR	ARENAL	134520
BOLIVAR	ARJONA	131020
BOLIVAR	ARJONA - GAMBOTE	131028
BOLIVAR	ARJONA - ROCHA	131029
BOLIVAR	ARJONA - SINCERIN	131028
BOLIVAR	ARROYOHONDO	131560
BOLIVAR	BARRANCO DE LOBA	133510
BOLIVAR	CALAMAR	131540
BOLIVAR	CANTAGALLO	135060
BOLIVAR	CARTAGENA DE INDIAS - ARARCA	130017
BOLIVAR	CARTAGENA DE INDIAS - BARU	130017
BOLIVAR	CARTAGENA DE INDIAS - BAYUNCA	130007
BOLIVAR	CARTAGENA DE INDIAS - CARTAGENA	130014
BOLIVAR	CARTAGENA DE INDIAS - LA BOQUILLA	130002
BOLIVAR	CARTAGENA DE INDIAS - MANZANILLO DEL MAR	130008
BOLIVAR	CARTAGENA DE INDIAS - PASACABALLOS	130009
BOLIVAR	CARTAGENA DE INDIAS - PONTEZUELA	130007
BOLIVAR	CARTAGENA DE INDIAS - PUNTA CANOA	130007
BOLIVAR	CICUCO	132550
BOLIVAR	CLEMENCIA	130510
BOLIVAR	CORDOBA	132501
BOLIVAR	EL CARMEN DE BOLIVAR	132050
BOLIVAR	EL GUAMO	132001
BOLIVAR	EL PENON	133550
BOLIVAR	HATILLO DE LOBA	133040
BOLIVAR	MAGANGUE	132511
BOLIVAR	MAHATES	131040
BOLIVAR	MAHATES - EVITAR	131047
BOLIVAR	MAHATES - MALAGANA	131048
BOLIVAR	MARGARITA	133020
BOLIVAR	MARIA LA BAJA	131060
BOLIVAR	MONTECRISTO	134070
BOLIVAR	MORALES	134540
BOLIVAR	NOROSI	134510
BOLIVAR	PINILLOS	134001
BOLIVAR	REGIDOR	133560
BOLIVAR	REGIDOR - SAN CAYETANO	133567
BOLIVAR	RIO VIEJO	134501
BOLIVAR	SAN CRISTOBAL	131520
BOLIVAR	SAN ESTANISLAO - SAN ESTANISLAO DE KOSTKA	130540
BOLIVAR	SAN FERNANDO	133001
BOLIVAR	SAN JACINTO	132030
BOLIVAR	SAN JUAN NEPOMUCENO	132010
BOLIVAR	SAN PABLO	135040
BOLIVAR	SANTA CATALINA	130501
BOLIVAR	SANTA CATALINA - GALERAZAMBA	130507
BOLIVAR	SANTA CRUZ DE MOMPOX - GUATACA	132567
BOLIVAR	SANTA CRUZ DE MOMPOX - LOMA DE SIMON	132567
BOLIVAR	SANTA CRUZ DE MOMPOX - SANTA CRUZ DE MOMPOX, DISTRITO ESPECIAL, TURISTICO	132560
BOLIVAR	SANTA ROSA DEL SUR	135001
BOLIVAR	SANTA ROSA - SANTA ROSA DE LIMA	130520
BOLIVAR	SIMITI	135020
BOLIVAR	SOPLAVIENTO	131501
BOLIVAR	TALAIGUA NUEVO	132540
BOLIVAR	TIQUISIO	134040
BOLIVAR	TURBACO	131001
BOLIVAR	TURBANA	131010
BOLIVAR	TURBANA - BALLESTAS	131017
BOLIVAR	VILLANUEVA	130530
BOLIVAR	ZAMBRANO	132040
BOLÍVAR	CARTAGENA DE INDIAS - SANTA ANA	130017
BOLÍVAR	SAN JACINTO DEL CAUCA	134067
BOLÍVAR	SAN MARTÍN DE LOBA - BOLÍVAR	133530
BOYACA	ALMEIDA	153020
BOYACA	AQUITANIA	152420
BOYACA	ARCABUCO	154201
BOYACA	BELEN	150640
BOYACA	BERBEO	152610
BOYACA	BETEITIVA	150610
BOYACA	BOAVITA	151060
BOYACA	BOYACA	153610
BOYACA	BRICENO	154670
BOYACA	BUENAVISTA	154840
BOYACA	BUSBANZA	152080
BOYACA	CALDAS	154660
BOYACA	CAMPOHERMOSO	152640
BOYACA	CERINZA	150620
BOYACA	CHINAVITA	153280
BOYACA	CHIQUINQUIRA	154640
BOYACA	CHIQUIZA	154027
BOYACA	CHIQUIZA - SAN PEDRO DE IGUAQUE	154020
BOYACA	CHISCAS	151401
BOYACA	CHITA	151601
BOYACA	CHITARAQUE	154420
BOYACA	CHIVATA	150240
BOYACA	CHIVOR	153001
BOYACA	CIENEGA	153440
BOYACA	COMBITA	150201
BOYACA	COPER	154860
BOYACA	CORRALES	152060
BOYACA	COVARACHIA	151040
BOYACA	CUBARA	151420
BOYACA	CUCAITA	154060
BOYACA	CUITIVA	152230
BOYACA	DUITAMA	150461
BOYACA	EL COCUY	151280
BOYACA	EL ESPINO	151240
BOYACA	EL PESCADO	155219
BOYACA	FIRAVITOBA	152250
BOYACA	FLORESTA	150601
BOYACA	GACHANTIVA	154220
BOYACA	GAMEZA	152020
BOYACA	GARAGOA	152860
BOYACA	GUACAMAYAS	151220
BOYACA	GUATEQUE	153050
BOYACA	GUAYATA	153040
BOYACA	GUICAN DE LA SIERRA	151440
BOYACA	IZA	152240
BOYACA	JENESANO	153601
BOYACA	JERICO	150840
BOYACA	LABRANZAGRANDE	151840
BOYACA	LA CAPILLA	153220
BOYACA	LA UVITA	150860
BOYACA	MACANAL	152840
BOYACA	MARIPI	154820
BOYACA	MIRAFLORES	152660
BOYACA	MONGUA	152001
BOYACA	MONGUI	152201
BOYACA	MONIQUIRA	154260
BOYACA	MOTAVITA	154080
BOYACA	MUZO	154880
BOYACA	NOBSA	152280
BOYACA	NOBSA - BELENCITO	152288
BOYACA	NOBSA - NAZARETH	152288
BOYACA	NUEVO COLON	153620
BOYACA	OICATA	150220
BOYACA	OTANCHE	155060
BOYACA	PACHAVITA	153210
BOYACA	PAEZ	152620
BOYACA	PAIPA	150440
BOYACA	PAIPA - PANTANO DE VARGAS	150448
BOYACA	PAJARITO	152401
BOYACA	PANQUEBA	151260
BOYACA	PAUNA	154801
BOYACA	PAYA	151820
BOYACA	PAZ DE RIO	150680
BOYACA	PESCA	152460
BOYACA	PISBA	151801
BOYACA	PUERTO BOYACA	155201
BOYACA	PUERTO BOYACA - PUERTO SERVIEZ	155209
BOYACA	QUIPAMA	155020
BOYACA	RAMIRIQUI	153401
BOYACA	RAQUIRA	153801
BOYACA	RONDON	153420
BOYACA	SABOYA	154601
BOYACA	SACHICA	153880
BOYACA	SAMACA	153660
BOYACA	SAN EDUARDO	152601
BOYACA	SAN JOSE DE PARE	154460
BOYACA	SAN LUIS DE GACENO	152801
BOYACA	SAN MATEO	151201
BOYACA	SAN MIGUEL DE SEMA	153820
BOYACA	SAN ONOFRE	150201
BOYACA	SAN PABLO DE BORBUR	155047
BOYACA	SAN PABLO DE BORBUR - COSCUEZ	155047
BOYACA	SANTA MARIA	152820
BOYACA	SANTANA	154440
BOYACA	SANTA ROSA DE VITERBO	150480
BOYACA	SANTA SOFIA	154240
BOYACA	SATIVANORTE	150820
BOYACA	SATIVASUR	150801
BOYACA	SIACHOQUE	153460
BOYACA	SOATA	151001
BOYACA	SOCHA	151640
BOYACA	SOCOTA	151620
BOYACA	SOGAMOSO	152210
BOYACA	SOGAMOSO - MORCA	152217
BOYACA	SOMONDOCO	153030
BOYACA	SORA	154040
BOYACA	SORACA	153480
BOYACA	SOTAQUIRA	150420
BOYACA	SUSACON	150880
BOYACA	SUTAMARCHAN	153860
BOYACA	SUTATENZA	153060
BOYACA	TASCO	151660
BOYACA	TENZA	153201
BOYACA	TIBANA	153260
BOYACA	TIBASOSA	152260
BOYACA	TINJACA	153840
BOYACA	TIPACOQUE	151020
BOYACA	TOCA	150260
BOYACA	TOGUI	154401
BOYACA	TOPAGA	152040
BOYACA	TOTA	152440
BOYACA	TUNJA	150003
BOYACA	TUNUNGUA	154680
BOYACA	TURMEQUE	153630
BOYACA	TUTA	150401
BOYACA	TUTAZA	150660
BOYACA	UMBITA	153240
BOYACA	VENTAQUEMADA	153640
BOYACA	VENTAQUEMADA - EL MANZANO	153640
BOYACA	VENTAQUEMADA - PUENTE BOYACA	153647
BOYACA	VENTAQUEMADA - TIERRA NEGRA	153647
BOYACA	VICTORIA	155001
BOYACA	VILLA DE LEYVA	154001
BOYACA	VIRACACHA	153450
BOYACA	ZETAQUIRA	152680
CALDAS	AGUADAS	172020
CALDAS	AGUADAS - ARMA	172029
CALDAS	ANSERMA	177080
CALDAS	ARANZAZU	171040
CALDAS	BELALCAZAR	177001
CALDAS	CHINCHINA	176020
CALDAS	FILADELFIA	171020
CALDAS	FILADELFIA - SAMARIA	171027
CALDAS	LA DORADA	175031
CALDAS	LA DORADA - GUARINOCITO	175038
CALDAS	LA MERCED	172060
CALDAS	LA MERCED - LA FELISA	172067
CALDAS	MANIZALES	170004
CALDAS	MANZANARES	173020
CALDAS	MARMATO	178001
CALDAS	MARQUETALIA	173040
CALDAS	MARULANDA	173001
CALDAS	MARULANDA - MONTEBONITO	173007
CALDAS	NEIRA	171001
CALDAS	NORCASIA	175001
CALDAS	PACORA	172040
CALDAS	PALESTINA	176040
CALDAS	PALESTINA - ARAUCA	176048
CALDAS	PENSILVANIA	173060
CALDAS	PENSILVANIA - ARBOLEDA	173069
CALDAS	PENSILVANIA - BOLIVIA	173067
CALDAS	RIOSUCIO	178040
CALDAS	RIOSUCIO - BONAFONT	178047
CALDAS	RISARALDA	177060
CALDAS	SALAMINA	172001
CALDAS	SALAMINA - SAN FELIX	172009
CALDAS	SAMANA	174001
CALDAS	SAN JOSE	177040
CALDAS	SUPIA	178020
CALDAS	VICTORIA	174030
CALDAS	VILLAMARIA	176001
CALDAS	VITERBO	177020
CAQUETA	ALBANIA	186030
CAQUETA	BELEN DE LOS ANDAQUIES	186010
CAQUETA	CARTAGENA DEL CHAIRA	183010
CAQUETA	CURILLO	186050
CAQUETA	EL DONCELLO	181010
CAQUETA	EL PAUJIL	181030
CAQUETA	FLORENCIA	180002
CAQUETA	LA MONTANITA	181050
CAQUETA	MILAN	185030
CAQUETA	MORELIA	185010
CAQUETA	PUERTO RICO	182050
CAQUETA	SAN JOSE DEL FRAGUA	186070
CAQUETA	SAN VICENTE DEL CAGUAN	182010
CAQUETA	SOLANO	184010
CAQUETA	SOLITA	185070
CAQUETA	VALPARAISO	185050
CASANARE	AGUAZUL	856010
CASANARE	AGUAZUL - CUPIAGUA	856010
CASANARE	AGUAZUL - CUSIANA	856010
CASANARE	AGUAZUL - MONTERRALO	856017
CASANARE	AGUAZUL - UNETE	856017
CASANARE	CHAMEZA	856030
CASANARE	HATO COROZAL	852010
CASANARE	LA SALINA	851010
CASANARE	MANI	854010
CASANARE	MONTERREY	855010
CASANARE	MONTERREY - VILLA CAROLA	855017
CASANARE	NUNCHIA	851070
CASANARE	NUNCHIA - YOPALOSA	851078
CASANARE	OROCUE	853050
CASANARE	PAZ DE ARIPORO	852030
CASANARE	PORE	852050
CASANARE	RECETOR	856050
CASANARE	SABANALARGA	855050
CASANARE	SABANALARGA - AGUACLARA	855058
CASANARE	SACAMA	851030
CASANARE	SAN LUIS DE PALENQUE	853030
CASANARE	TAMARA	851050
CASANARE	TAURAMENA	854030
CASANARE	TAURAMENA - PASO CUSIANA	854037
CASANARE	TRINIDAD	853010
CASANARE	VILLANUEVA	855030
CASANARE	YOPAL	850002
CASANARE	YOPAL - LA CHAPARRERA	850008
CASANARE	YOPAL - MORICHAL	850009
CASANARE	YOPAL - TILODIRAN	850009
CAUCA	ALMAGUER	194080
CAUCA	ARGELIA	195560
CAUCA	BALBOA	195530
CAUCA	BELALCAZAR - PAEZ	192501
CAUCA	BOLIVAR	195001
CAUCA	BUENOS AIRES	191001
CAUCA	BUENOS AIRES - TIMBA	191008
CAUCA	CAJIBIO	190501
CAUCA	CALDONO	192040
CAUCA	CALDONO - PESCADOR	192049
CAUCA	CALOTO	191070
CAUCA	CALOTO - PALO	191077
CAUCA	CORINTO	191560
CAUCA	EL PITAL	192040
CAUCA	EL PLATEADO	195567
CAUCA	EL TAMBO	193570
CAUCA	FLORENCIA	195040
CAUCA	GUACHENE	191087
CAUCA	GUAPI	196001
CAUCA	INZA	192531
CAUCA	INZA - PEDREGAL	192537
CAUCA	JAMBALO	192020
CAUCA	LA SIERRA	194001
CAUCA	LA VEGA	194020
CAUCA	LOPEZ DE MICAY - LOPEZ	196060
CAUCA	MERCADERES	195060
CAUCA	MERCADERES - MOJARRAS	195060
CAUCA	MIRANDA	191520
CAUCA	MIRANDA - ORTIGAL	191527
CAUCA	MORALES	190550
CAUCA	PADILLA	191540
CAUCA	PÁEZ - LA MESA DE BELALCÁZAR	192501
CAUCA	PATIA - EL BORDO	195501
CAUCA	PATIA - EL ESTRECHO	195507
CAUCA	PATIA - GALINDEZ	195507
CAUCA	PATIA - PIEDRASENTADA	195508
CAUCA	PIAMONTE	194558
CAUCA	PIENDAMO - TUNIA - PIENDAMO	190530
CAUCA	PIENDAMO - TUNIA - TUNIA	190538
CAUCA	POPAYAN	190002
CAUCA	POPAYAN - CAJETE	190018
CAUCA	POPAYAN - CALIBIO	190008
CAUCA	POPAYAN - SAMUEL SILVERIO	190018
CAUCA	PUERTO TEJADA	191501
CAUCA	PUERTO TEJADA - CAUCA	191501
CAUCA	PURACE	193001
CAUCA	PURACE - COCONUCO	193001
CAUCA	ROSAS	193550
CAUCA	SANTANDER DE QUILICHAO	191030
CAUCA	SANTANDER DE QUILICHAO - CRUCERO	191079
CAUCA	SANTANDER DE QUILICHAO - MONDOMO	191039
CAUCA	SANTANDER DE QUILICHAO - QUINAMAYO	191047
CAUCA	SANTA ROSA	194520
CAUCA	SILVIA	192070
CAUCA	SOTARA - PAISPAMBA - SOTARA	193501
CAUCA	SUAREZ	190580
CAUCA	SUCRE	194060
CAUCA	TIMBIO	193520
CAUCA	TIMBIQUI	196030
CAUCA	TORIBIO	192001
CAUCA	TOTORO	192570
CAUCA	VILLA RICA	191060
CESAR	AGUACHICA	205010
CESAR	AGUSTÍN CODAZZI - CASACARA	202058
CESAR	AGUSTIN CODAZZI - CODAZZI	202050
CESAR	ASTREA	201040
CESAR	BECERRIL	203001
CESAR	BOSCONIA	201020
CESAR	CHIMICHAGUA	201050
CESAR	CHIRIGUANA	203040
CESAR	CHIRIGUANA - RINCON HONDO	203048
CESAR	CURUMANI	203060
CESAR	EL COPEY - CARACOLICITO	201017
CESAR	EL COPEY - COPEY	201010
CESAR	EL PASO	201030
CESAR	EL PASO - CUATRO VIENTOS	201037
CESAR	GAMARRA	205001
CESAR	GONZALEZ	205030
CESAR	LA GLORIA	204060
CESAR	LA GLORIA - AYACUCHO	204068
CESAR	LA JAGUA DE IBIRICO	203020
CESAR	LA LOMA	201038
CESAR	LA PAZ	202010
CESAR	MANAURE BALCON DEL CESAR	202001
CESAR	PAILITAS	204001
CESAR	PELAYA	204040
CESAR	PUEBLO BELLO	201001
CESAR	RIO DE ORO	205040
CESAR	SAN ALBERTO	205070
CESAR	SAN DIEGO	202030
CESAR	SAN DIEGO - RINCON	202037
CESAR	SAN MARTIN	205050
CESAR	SAN MARTIN - AGUAS BLANCAS	205058
CESAR	TAMALAMEQUE	204020
CESAR	TAMALAMEQUE - ANTEQUERA	204027
CESAR	VALLEDUPAR	200004
CESAR	VALLEDUPAR - AGUAS BLANCAS	200017
CESAR	VALLEDUPAR - BADILLO	200009
CESAR	VALLEDUPAR - MARIANGOLA	200017
CESAR	VALLEDUPAR - PATILLAL	200008
CHOCO	ACANDI	278010
CHOCO	ACANDI - CAPURGANA	278017
CHOCO	ALTO BAUDO - PIE DE PATO	276070
CHOCO	ATRATO - YUTO	272010
CHOCO	BAGADO	271050
CHOCO	BAHIA SOLANO	276030
CHOCO	BAJO BAUDO	275030
CHOCO	BELEN DE BAJIRA	277010
CHOCO	BOJAYA - BELLAVISTA	277050
CHOCO	CERTEGUI	272020
CHOCO	CONDOTO	273030
CHOCO	ISTMINA	274010
CHOCO	JURADO	276010
CHOCO	LLORO	271030
CHOCO	MEDIO ATRATO - BETE	270070
CHOCO	MEDIO BAUDO - PUERTO MELUK	275010
CHOCO	MEDIO SAN JUAN - ANDAGOYA	274030
CHOCO	NOVITA	273050
CHOCO	NUQUI	276050
CHOCO	QUIBDO	270001
CHOCO	QUIBDO - TUTUNENDO	270009
CHOCO	RIO IRO - SANTA RITA	273010
CHOCO	RIO QUITO - PAIMADO	272050
CHOCO	RIOSUCIO	278050
CHOCO	SIPI	274050
CHOCO	TADO	271070
CHOCO	TADO - GUARATO	271070
CHOCO	UNGUIA	278030
CHOCO	UNION PANAMERICANA - ANIMAS	272030
CHOCÓ	EL CARMEN DE ATRATO	271010
CHOCÓ	UNIÓN PANAMERICANA	272037
CHOCÓ	UNIÓN PANAMERICANA - LA YE	272037
CORDOBA	AYAPEL	233530
CORDOBA	BUENAVISTA	233020
CORDOBA	BUENAVISTA - EL VIAJANO	233028
CORDOBA	CANALETE	235040
CORDOBA	CERETE	230550
CORDOBA	CERETE - MATEO GOMEZ	230558
CORDOBA	CERETE - RETIRO DE LOS INDIOS	230558
CORDOBA	CHIMA	232010
CORDOBA	CHIMA - CAROLINA	232017
CORDOBA	CHINU	232050
CORDOBA	CIENAGA DE ORO	232520
CORDOBA	CIENAGA DE ORO - BERASTEGUI	232527
CORDOBA	COTORRA	230501
CORDOBA	LA APARTADA	233501
CORDOBA	LORICA	231020
CORDOBA	LOS CORDOBAS	235027
CORDOBA	MOMIL	232001
CORDOBA	MONITOS	231001
CORDOBA	MONTELIBANO	234001
CORDOBA	MONTERIA	230002
CORDOBA	MONTERIA - LOS GARZONES	230009
CORDOBA	PLANETA RICA	233040
CORDOBA	PUEBLO NUEVO	233001
CORDOBA	PUERTO ESCONDIDO	235001
CORDOBA	PUERTO LIBERTADOR	234030
CORDOBA	PUERTO LIBERTADOR - TORNO ROJO	234030
CORDOBA	PURISIMA DE LA CONCEPCION	231540
CORDOBA	SAHAGUN	232540
CORDOBA	SAHAGUN - COLOMBOY	232557
CORDOBA	SAHAGUN - LA YE	232558
CORDOBA	SAN ANDRES DE SOTAVENTO	232030
CORDOBA	SAN ANTERO	231520
CORDOBA	SAN BERNARDO DEL VIENTO	231501
CORDOBA	SAN CARLOS - CABUYA	232501
CORDOBA	SAN CARLOS - CARRIZAL	232517
CORDOBA	SAN CARLOS - REMEDIO POBRE	232501
CORDOBA	SAN JOSE DE URE	234008
CORDOBA	SAN PELAYO	230520
CORDOBA	SAN PELAYO - CARRILLO	230528
CORDOBA	TIERRALTA	234501
CORDOBA	TIERRALTA - MANTAGORDAL	234507
CORDOBA	TUCHIN	232020
CORDOBA	VALENCIA	234530
CÓRDOBA	SAN CARLOS	232501
CUNDINAMARCA	AGUA DE DIOS	252850
CUNDINAMARCA	ALBAN	253201
CUNDINAMARCA	ANAPOIMA	252640
CUNDINAMARCA	ANAPOIMA - PATIO BONITO	252648
CUNDINAMARCA	ANOLAIMA	253040
CUNDINAMARCA	ANOLAIMA - CORRALEJAS	253048
CUNDINAMARCA	ANOLAIMA - LA FLORIDA	253047
CUNDINAMARCA	APULO	252650
CUNDINAMARCA	ARBELAEZ	252001
CUNDINAMARCA	BELTRAN	253260
CUNDINAMARCA	BITUIMA	253220
CUNDINAMARCA	BOJACA	253001
CUNDINAMARCA	CABRERA	252040
CUNDINAMARCA	CACHIPAY	253020
CUNDINAMARCA	CAJICA	250240
CUNDINAMARCA	CAPARRAPI	253460
CUNDINAMARCA	CAQUEZA	251820
CUNDINAMARCA	CARMEN DE CARUPA	250420
CUNDINAMARCA	CHAGUANI	253240
CUNDINAMARCA	CHIA	250001
CUNDINAMARCA	CHIPAQUE	251801
CUNDINAMARCA	CHOACHI	251620
CUNDINAMARCA	CHOCONTA	250801
CUNDINAMARCA	COGUA	250401
CUNDINAMARCA	COTA	250010
CUNDINAMARCA	CUCUNUBA	250450
CUNDINAMARCA	EL COLEGIO	252630
CUNDINAMARCA	EL PENON	254020
CUNDINAMARCA	EL ROSAL	250210
CUNDINAMARCA	EL TRIUNFO	252638
CUNDINAMARCA	FACATATIVA	253051
CUNDINAMARCA	FOMEQUE	251640
CUNDINAMARCA	FOSCA	251830
CUNDINAMARCA	FUNZA	250020
CUNDINAMARCA	FUQUENE	250620
CUNDINAMARCA	FUQUENE - CAPELLANIA	250627
CUNDINAMARCA	FUSAGASUGA	252211
CUNDINAMARCA	FUSAGASUGA - CHINAUTA	252211
CUNDINAMARCA	GACHALA	251250
CUNDINAMARCA	GACHANCIPA	251020
CUNDINAMARCA	GACHETA	251230
CUNDINAMARCA	GAMA	251240
CUNDINAMARCA	GIRARDOT	252431
CUNDINAMARCA	GRANADA	252250
CUNDINAMARCA	GUACHETA	250610
CUNDINAMARCA	GUADUAS	253440
CUNDINAMARCA	GUASCA	251210
CUNDINAMARCA	GUATAQUI	252820
CUNDINAMARCA	GUATAVITA	251060
CUNDINAMARCA	GUAYABAL DE SIQUIMA	253210
CUNDINAMARCA	GUAYABETAL	251850
CUNDINAMARCA	GUTIERREZ	251860
CUNDINAMARCA	JERUSALEN	252810
CUNDINAMARCA	JUNIN	251220
CUNDINAMARCA	LA CALERA	251201
CUNDINAMARCA	LA MESA	252601
CUNDINAMARCA	LA PALMA	253801
CUNDINAMARCA	LA PENA	253640
CUNDINAMARCA	LA VEGA	253610
CUNDINAMARCA	LENGUAZAQUE	250601
CUNDINAMARCA	MACHETA	250840
CUNDINAMARCA	MADRID	250030
CUNDINAMARCA	MADRID - PUENTE DE PIEDRA	250039
CUNDINAMARCA	MANTA	250830
CUNDINAMARCA	MEDINA	251420
CUNDINAMARCA	MOSQUERA	250040
CUNDINAMARCA	NARINO	252830
CUNDINAMARCA	NEMOCON	251030
CUNDINAMARCA	NILO	252401
CUNDINAMARCA	NIMAIMA	253630
CUNDINAMARCA	NIMAIMA - TOBIA	253637
CUNDINAMARCA	NOCAIMA	253620
CUNDINAMARCA	PACHO	254001
CUNDINAMARCA	PAIME	254040
CUNDINAMARCA	PAIME - TUDELA	254047
CUNDINAMARCA	PANDI	252010
CUNDINAMARCA	PARATEBUENO	251401
CUNDINAMARCA	PARATEBUENO - MAYA	251407
CUNDINAMARCA	PASCA	252201
CUNDINAMARCA	PUERTO SALGAR	253480
CUNDINAMARCA	PULI	252801
CUNDINAMARCA	QUEBRADANEGRA	253420
CUNDINAMARCA	QUETAME	251840
CUNDINAMARCA	QUIPILE	253030
CUNDINAMARCA	RICAURTE	252410
CUNDINAMARCA	SAN ANTONIO DEL TEQUENDAMA	252620
CUNDINAMARCA	SAN ANTONIO DEL TEQUENDAMA - SANTANDERCITO	252627
CUNDINAMARCA	SAN BERNARDO	252020
CUNDINAMARCA	SAN BERNARDO - PORTONES	252027
CUNDINAMARCA	SAN CAYETANO - PUEBLO NUEVO	254050
CUNDINAMARCA	SAN FRANCISCO	253601
CUNDINAMARCA	SAN JUAN DE RIOSECO	253250
CUNDINAMARCA	SAN JUAN DE RIOSECO - CAMBAO	253258
CUNDINAMARCA	SASAIMA	253401
CUNDINAMARCA	SESQUILE	251050
CUNDINAMARCA	SIBATE	250070
CUNDINAMARCA	SILVANIA	252240
CUNDINAMARCA	SILVANIA - SUBIA	252247
CUNDINAMARCA	SIMIJACA	250640
CUNDINAMARCA	SOACHA	250053
CUNDINAMARCA	SOPO	251001
CUNDINAMARCA	SUBACHOQUE	250220
CUNDINAMARCA	SUESCA	251040
CUNDINAMARCA	SUESCA - CACICAZGO	251048
CUNDINAMARCA	SUPATA	253660
CUNDINAMARCA	SUSA	250630
CUNDINAMARCA	SUTATAUSA	250440
CUNDINAMARCA	TABIO	250230
CUNDINAMARCA	TAUSA	250410
CUNDINAMARCA	TENA	252610
CUNDINAMARCA	TENJO	250201
CUNDINAMARCA	TENJO - LA PUNTA	250208
CUNDINAMARCA	TIBACUY	252230
CUNDINAMARCA	TIBACUY - CUMACA	252237
CUNDINAMARCA	TIBIRITA	250820
CUNDINAMARCA	TOCAIMA	252840
CUNDINAMARCA	TOCANCIPA	251010
CUNDINAMARCA	TOPAIPI	253820
CUNDINAMARCA	UBALA	251260
CUNDINAMARCA	UBAQUE	251601
CUNDINAMARCA	UNE	251810
CUNDINAMARCA	UTICA	253430
CUNDINAMARCA	VENECIA	252030
CUNDINAMARCA	VERGARA	253650
CUNDINAMARCA	VIANI	253230
CUNDINAMARCA	VILLA DE SAN DIEGO DE UBATE - UBATE	250430
CUNDINAMARCA	VILLAGOMEZ	254030
CUNDINAMARCA	VILLAPINZON	250810
CUNDINAMARCA	VILLETA	253410
CUNDINAMARCA	VILLETA - BAGAZAL	253417
CUNDINAMARCA	VIOTA	252660
CUNDINAMARCA	YACOPI	253840
CUNDINAMARCA	ZIPACON	253010
CUNDINAMARCA	ZIPAQUIRA	250252
GUAINIA	BARRANCOMINAS	944010
GUAINIA	CACAHUAL	941010
GUAINIA	INIRIDA	940001
GUAINIA	LA GUADALUPE - GALILEA	942057
GUAINIA	MORICHAL - MORICHAL - GARZA	943058
GUAINIA	PANA PANA - CAMPO ALEGRE	943018
GUAINIA	PUERTO COLOMBIA	941039
GUAINIA	SAN FELIPE	942010
GUAVIARE	CALAMAR	953001
GUAVIARE	EL RETORNO	951001
GUAVIARE	MIRAFLORES	952001
GUAVIARE	SAN JOSE DEL GUAVIARE	950001
HUILA	ACEVEDO	417070
HUILA	AGRADO	414040
HUILA	AIPE	411001
HUILA	ALGECIRAS	413040
HUILA	ALTAMIRA	416020
HUILA	BARAYA	411060
HUILA	CAMPOALEGRE	413020
HUILA	COLOMBIA	411080
HUILA	ELIAS	417001
HUILA	GARZON	414020
HUILA	GARZON - MAJO	414028
HUILA	GARZON - ZULUAGA	414027
HUILA	GIGANTE	414001
HUILA	GUADALUPE	416040
HUILA	HOBO	413060
HUILA	IQUIRA	412060
HUILA	ISNOS	418040
HUILA	LA ARGENTINA	415080
HUILA	LA PLATA	415060
HUILA	NATAGA	415020
HUILA	NEIVA	410004
HUILA	NEIVA - EL CAGUAN	410008
HUILA	NEIVA - FORTALECILLAS	410017
HUILA	NEIVA - VEGALARGA	410007
HUILA	OPORAPA	418001
HUILA	PAICOL	415040
HUILA	PALERMO	412001
HUILA	PALERMO - BETANIA	412007
HUILA	PALERMO - EL JUNCAL	412007
HUILA	PALESTINA	417060
HUILA	PITAL	414060
HUILA	PITALITO	417030
HUILA	PITALITO - BRUSELAS	417048
HUILA	PITALITO - CRIOLLO	417047
HUILA	RIVERA	413001
HUILA	SALADOBLANCO	418020
HUILA	SAN AGUSTIN	418060
HUILA	SANTA MARIA	412020
HUILA	SUAZA	416080
HUILA	TARQUI	416001
HUILA	TARQUI - QUITURO	416007
HUILA	TELLO	411040
HUILA	TERUEL	412040
HUILA	TESALIA	415001
HUILA	TIMANA	417010
HUILA	TIMANA - MONTANITA	417017
HUILA	VILLAVIEJA	411020
HUILA	VILLAVIEJA - POLONIA	411027
HUILA	YAGUARA	412080
HUILA	GUAYABAL - SUAZA	416089
LA GUAJIRA	ALBANIA	443001
LA GUAJIRA	BARRANCAS	443040
LA GUAJIRA	BARRANCAS - PAPAYAL	443047
LA GUAJIRA	DIBULLA	446001
LA GUAJIRA	DIBULLA - CAMPANA NUEVO	446007
LA GUAJIRA	DIBULLA - LAS FLORES	446007
LA GUAJIRA	DIBULLA - MINGUEO	446017
LA GUAJIRA	DIBULLA - PALOMINO	446009
LA GUAJIRA	DIBULLA - RIO ANCHO	446009
LA GUAJIRA	DISTRACCION	444001
LA GUAJIRA	EL MOLINO	444050
LA GUAJIRA	FONSECA	444010
LA GUAJIRA	HATONUEVO	443020
LA GUAJIRA	LA JAGUA DEL PILAR	445040
LA GUAJIRA	MAICAO	442001
LA GUAJIRA	MAICAO - PARAGUACHON	442009
LA GUAJIRA	MANAURE	441001
LA GUAJIRA	RIOHACHA	440001
LA GUAJIRA	SAN JUAN DEL CESAR	444030
LA GUAJIRA	URIBIA	441020
LA GUAJIRA	URUMITA	445020
LA GUAJIRA	VILLANUEVA	445001
MAGDALENA	ALGARROBO	472040
MAGDALENA	ARACATACA	472001
MAGDALENA	ARIGUANI - ARIGUANI	475018
MAGDALENA	ARIGUANÍ - PUEBLO NUEVO	475018
MAGDALENA	CERRO DE SAN ANTONIO	476020
MAGDALENA	CHIVOLO	476060
MAGDALENA	CIENAGA	478001
MAGDALENA	CIENAGA - CORDOBITA	478007
MAGDALENA	CONCORDIA	476030
MAGDALENA	EL BANCO	473040
MAGDALENA	EL BANCO - GUACAMAYAL	473047
MAGDALENA	EL PINON - SABANAS	476007
MAGDALENA	EL RETEN	478060
MAGDALENA	FUNDACION	472020
MAGDALENA	GUACAMAYAL	478037
MAGDALENA	GUAMAL	473020
MAGDALENA	LOS ANDES (NUEVA GRANADA)	475028
MAGDALENA	NUEVA GRANADA	475020
MAGDALENA	PEDRAZA	476040
MAGDALENA	PIJINO DEL CARMEN - PIJINO	474040
MAGDALENA	PIVIJAY	477050
MAGDALENA	PIVIJAY - MEDIALUNA	477057
MAGDALENA	PLATO	475030
MAGDALENA	PUEBLOVIEJO	478040
MAGDALENA	REMOLINO	477020
MAGDALENA	SABANAS DE SAN ANGEL - SAN ANGEL	475001
MAGDALENA	SALAMINA	477040
MAGDALENA	SAN SEBASTIAN DE BUENAVISTA	473001
MAGDALENA	SANTA ANA	474020
MAGDALENA	SANTA BARBARA DE PINTO	474001
MAGDALENA	SANTA MARTA	470005
MAGDALENA	SANTA MARTA - BONDA	470003
MAGDALENA	SANTA MARTA - BURITACA	470009
MAGDALENA	SANTA MARTA - GAIRA	470006
MAGDALENA	SANTA MARTA - GUACHACA	470009
MAGDALENA	SANTA MARTA - MINCA	470008
MAGDALENA	SANTA MARTA - TAGANGA	470001
MAGDALENA	SAN ZENON	474060
MAGDALENA	SITIONUEVO	477001
MAGDALENA	TENERIFE	475050
MAGDALENA	ZAPAYAN - PUNTA DE PIEDRAS	476050
MAGDALENA	ZONA BANANERA	478020
MAGDALENA	ZONA BANANERA - LA GRAN VIA	478028
MAGDALENA	ZONA BANANERA - ORIHUECA	478028
MAGDALENA	ZONA BANANERA - PRADO - SEVILLA	478020
MAGDALENA	ZONA BANANERA - RIO FRIO	478027
MAGDALENA	ZONA BANANERA - TUCURINCA	478037
MAGDALENA	ZONA BANANERA - ZAWADY	478027
META	ACACIAS	507001
META	BARRANCA DE UPIA	501001
META	CABUYARO	501011
META	CASTILLA LA NUEVA	507041
META	CUBARRAL	506001
META	CUMARAL	501021
META	EL CALVARIO	501041
META	EL CASTILLO	506041
META	EL DORADO	506021
META	FUENTE DE ORO	504021
META	GRANADA	504001
META	GUAMAL	507051
META	LA JULIA	505047
META	LA MACARENA	505021
META	LEJANIAS	506061
META	MAPIRIPAN	503021
META	MESETAS	505001
META	PUERTO CONCORDIA	503041
META	PUERTO GAITAN	502041
META	PUERTO LLERAS	503001
META	PUERTO LOPEZ	502001
META	PUERTO LOPEZ - PACHAQUIARO	502009
META	PUERTO RICO	503061
META	RESTREPO	501031
META	SAN CARLOS DE GUAROA	507011
META	SAN JUAN DE ARAMA	504041
META	SAN JUANITO	501051
META	SAN MARTIN	507021
META	URIBE	505041
META	VILLAVICENCIO	500001
META	VILLAVICENCIO - ALTO POMPEYA	500009
META	VILLAVICENCIO - APIAY	500017
META	VISTAHERMOSA	504061
NARINO	PASTO - CATAMBUCO	520037
NARINO	ALBAN - SAN JOSE	521050
NARINO	ALDANA	524540
NARINO	ANCUYA	526001
NARINO	ARBOLEDA - BERRUECOS	520570
NARINO	BARBACOAS	528060
NARINO	BARBACOAS - ALTAQUER	528077
NARINO	BELEN	521080
NARINO	BUESACO	520501
NARINO	CHACHAGUI	522001
NARINO	CHACHAGUI - ARIZONA	522007
NARINO	CHACHAGUI - CHORRILLO	522001
NARINO	CHACHAGUI - GUAIRABAMBA	522007
NARINO	COLON - GENOVA	521060
NARINO	CONSACA	522540
NARINO	CONTADERO - EL CONTADERO	523080
NARINO	CORDOBA	524001
NARINO	CUASPUD CARLOSAMA - CARLOSAMA	524560
NARINO	CUASPUD CARLOSAMA - CUASPUD	524560
NARINO	CUMBAL	525001
NARINO	CUMBITARA	526560
NARINO	EL CHARCO	527520
NARINO	EL PEÑOL	522080
NARINO	EL ROSARIO	527030
NARINO	EL TABLON DE GOMEZ	520530
NARINO	EL TABLON DE GOMEZ - TABLON DE GOMEZ	520530
NARINO	EL TAMBO	522060
NARINO	FRANCISCO PIZARRO	528560
NARINO	FUNES	523520
NARINO	GUACHUCAL	524580
NARINO	GUAITARILLA	525501
NARINO	GUALMATAN	524501
NARINO	ILES	523060
NARINO	ILES - EL CAPULI	523067
NARINO	IMUES	523020
NARINO	IMUES - PILCUAN LA RECTA	523027
NARINO	IPIALES	524060
NARINO	IPIALES - LAS LAJAS	524077
NARINO	IPIALES - SAN JUAN	524067
NARINO	IPIALES - SUCUMBIOS	524060
NARINO	LA CRUZ	521020
NARINO	LA CRUZ - LA ESTANCIA	521020
NARINO	LA FLORIDA	522040
NARINO	LA LLANADA	526501
NARINO	LA TOLA	527540
NARINO	LA UNION	521520
NARINO	LEIVA	527060
NARINO	LINARES	522501
NARINO	LLORENTE	524001
NARINO	LOS ANDES	526528
NARINO	MALLAMA	525060
NARINO	MALLAMA - CHUCUNES	525068
NARINO	MOSQUERA	527580
NARINO	NARINO	522020
NARINO	OLAYA HERRERA	527560
NARINO	OSPINA	523040
NARINO	PASTO	520003
NARINO	PASTO - ANGANOY	520001
NARINO	PASTO - BOTANILLA	520037
NARINO	PASTO - BUESAQUILLO	520006
NARINO	PASTO - CANCHALA	520003
NARINO	PASTO - CEROTAL	520028
NARINO	PASTO - CRUZ DE AMARILLO	520037
NARINO	PASTO - CUBIJAN BAJO	520037
NARINO	PASTO - CUJACAL	520008
NARINO	PASTO - DAZA	520007
NARINO	PASTO - EL CAMPANERO	520037
NARINO	PASTO - EL ENCANO	520018
NARINO	PASTO - GENOY	520039
NARINO	PASTO - JURADO	520037
NARINO	PASTO - LA LAGUNA	520009
NARINO	PASTO - MAPACHICO ALTO	520039
NARINO	PASTO - MAPACHICO SAN JOSE	520039
NARINO	PASTO - MOCONDINO	520006
NARINO	PASTO - MOTILON	520017
NARINO	PASTO - OBONUCO	520038
NARINO	PASTO - SAN FERNANDO	520009
NARINO	PASTO - TESCUAL	520003
NARINO	POLICARPA	527001
NARINO	POTOSI	524030
NARINO	PROVIDENCIA	526020
NARINO	PUERRES	523540
NARINO	PUPIALES	524520
NARINO	RICAURTE	525030
NARINO	ROBERTO PAYAN	528030
NARINO	SAMANIEGO	526040
NARINO	SAN ANDRES DE TUMACO - CAJAPI DEL MIRA	528517
NARINO	SAN ANDRES DE TUMACO - CANDELILLAS DE LA MAR	528517
NARINO	SAN ANDRES DE TUMACO - EL BAJITO	528509
NARINO	SAN ANDRES DE TUMACO - ESPRIELLA	528527
NARINO	SAN ANDRES DE TUMACO - IMBILI MIRASPALMAS	528517
NARINO	SAN ANDRES DE TUMACO - TANGAREAL CARRETERA	528517
NARINO	SAN ANDRES DE TUMACO - TUMACO	528501
NARINO	SAN BERNARDO	521001
NARINO	SANDONA	522520
NARINO	SANDONA - CRUZ DE ARADA	522520
NARINO	SAN LORENZO	521540
NARINO	SAN PABLO	521040
NARINO	SAN PEDRO DE CARTAGO	521501
NARINO	SANTA BARBARA - ISCUANDE	527501
NARINO	SANTACRUZ - GUACHAVES	525570
NARINO	SAPUYES	525550
NARINO	SOTOMAYOR	526520
NARINO	TAMINANGO	521560
NARINO	TAMINANGO - GUAYACANAL	521560
NARINO	TANGUA	523501
NARINO	TUQUERRES	525520
NARINO	TUQUERRES - CUATRO ESQUINAS	525527
NARINO	TUQUERRES - PINZON	525527
NARINO	YACUANQUER	523001
NORTE DE SANTANDER	ABREGO	546070
NORTE DE SANTANDER	ARBOLEDAS	544550
NORTE DE SANTANDER	BOCHALEMA	543010
NORTE DE SANTANDER	BOCHALEMA - LA DONJUANA	543017
NORTE DE SANTANDER	BUCARASICA	545550
NORTE DE SANTANDER	CACHIRA	546030
NORTE DE SANTANDER	CACOTA	544010
NORTE DE SANTANDER	CHINACOTA	541070
NORTE DE SANTANDER	CHITAGA	544030
NORTE DE SANTANDER	CONVENCION	547050
NORTE DE SANTANDER	CONVENCION - LAS MERCEDES	547059
NORTE DE SANTANDER	CUCUTA	540002
NORTE DE SANTANDER	CUCUTILLA	544520
NORTE DE SANTANDER	DURANIA	544510
NORTE DE SANTANDER	EL CARMEN	547070
NORTE DE SANTANDER	EL TARRA	548050
NORTE DE SANTANDER	EL ZULIA	545510
NORTE DE SANTANDER	EL ZULIA - ASTILLEROS LA YE	545510
NORTE DE SANTANDER	GRAMALOTE	545050
NORTE DE SANTANDER	HACARÍ	546510
NORTE DE SANTANDER	HERRAN	542010
NORTE DE SANTANDER	LABATECA	542050
NORTE DE SANTANDER	LA ESPERANZA	546050
NORTE DE SANTANDER	LA PLAYA	546530
NORTE DE SANTANDER	LOS PATIOS	541010
NORTE DE SANTANDER	LOURDES	545070
NORTE DE SANTANDER	MUTISCUA	544070
NORTE DE SANTANDER	OCANA	546551
NORTE DE SANTANDER	OCAÑA	546551
NORTE DE SANTANDER	PAMPLONA	543050
NORTE DE SANTANDER	PAMPLONITA	543030
NORTE DE SANTANDER	PUERTO SANTANDER	548030
NORTE DE SANTANDER	RAGONVALIA	541050
NORTE DE SANTANDER	SALAZAR - SALAZAR DE LAS PALMAS	544570
NORTE DE SANTANDER	SAN CALIXTO	547010
NORTE DE SANTANDER	SAN CAYETANO	545017
NORTE DE SANTANDER	SAN JOSE DE CUCUTA - SAN FAUSTINO	540018
NORTE DE SANTANDER	SANTIAGO	545030
NORTE DE SANTANDER	SARDINATA	545530
NORTE DE SANTANDER	SILOS	544050
NORTE DE SANTANDER	TEORAMA	547030
NORTE DE SANTANDER	TIBU	548010
NORTE DE SANTANDER	TIBÚ - LA GABARRA	548017
NORTE DE SANTANDER	TOLEDO	542030
NORTE DE SANTANDER	VILLA CARO	546010
NORTE DE SANTANDER	VILLA DEL ROSARIO	541030
PUTUMAYO	COLON	861040
PUTUMAYO	EL TIGRE (LA HORMIGA PUTUMAYO)	862028
PUTUMAYO	MOCOA	860001
PUTUMAYO	MOCOA - BRISAS DEL SOL	860001
PUTUMAYO	ORITO	862001
PUTUMAYO	PUERTO ASIS	862060
PUTUMAYO	PUERTO CAICEDO	862080
PUTUMAYO	PUERTO GUZMAN	863001
PUTUMAYO	PUERTO LEGUIZAMO	864001
PUTUMAYO	PUERTO LEGUIZAMO - LA TAGUA	864009
PUTUMAYO	SAN FRANCISCO	861001
PUTUMAYO	SAN MIGUEL	862040
PUTUMAYO	SANTIAGO	861060
PUTUMAYO	SIBUNDOY	861020
PUTUMAYO	VALLE DEL GUAMUEZ - EL TIGRE	862020
PUTUMAYO	VALLE DEL GUAMUEZ - LA HORMIGA	862020
PUTUMAYO	VILLAGARZON	861080
QUINDIO	ARMENIA	630002
QUINDIO	BUENAVISTA	632040
QUINDIO	CALARCA	632001
QUINDIO	CALARCA - BARCELONA	632007
QUINDIO	CALARCA - LA BELLA	632007
QUINDIO	CIRCASIA	631001
QUINDIO	CORDOBA	632020
QUINDIO	FILANDIA	634001
QUINDIO	GENOVA	632080
QUINDIO	LA TEBAIDA	633020
QUINDIO	MONTENEGRO	633001
QUINDIO	PIJAO	632060
QUINDIO	QUIMBAYA	634020
QUINDIO	SALENTO	631020
RISARALDA	APIA	663030
RISARALDA	BALBOA	662010
RISARALDA	BELEN DE UMBRIA	664040
RISARALDA	DOSQUEBRADAS	661002
RISARALDA	GUATICA	664010
RISARALDA	GUATICA - SAN CLEMENTE	664017
RISARALDA	LA CELIA	662030
RISARALDA	LA VIRGINIA	662001
RISARALDA	MARSELLA	661040
RISARALDA	MISTRATO	664020
RISARALDA	PEREIRA	660004
RISARALDA	PEREIRA - ALTAGRACIA	660008
RISARALDA	PEREIRA - ARABIA	660008
RISARALDA	PUEBLO RICO	663011
RISARALDA	QUINCHIA	664001
RISARALDA	QUINCHIA - IRRA	664008
RISARALDA	SANTA ROSA DE CABAL	661020
RISARALDA	SANTUARIO	663001
SANTANDER	AGUADA	685521
SANTANDER	ALBANIA	684531
SANTANDER	ARATOCA	682051
SANTANDER	BARBOSA	684511
SANTANDER	BARICHARA	684041
SANTANDER	BARRANCABERMEJA	687032
SANTANDER	BARRANCABERMEJA - EL CENTRO	687039
SANTANDER	BARRANCABERMEJA - EL LLANITO	687037
SANTANDER	BARRANCABERMEJA - LA FORTUNA	687038
SANTANDER	BETULIA	686501
SANTANDER	BOLIVAR	685001
SANTANDER	BOLÍVAR - SANTANDER	685009
SANTANDER	BUCARAMANGA	680006
SANTANDER	CABRERA	683501
SANTANDER	CALIFORNIA	680511
SANTANDER	CAPITANEJO	681541
SANTANDER	CARCASI	681521
SANTANDER	CEPITA	682061
SANTANDER	CERRITO	681501
SANTANDER	CHARALA	682551
SANTANDER	CHARTA	680551
SANTANDER	CHIMA	683001
SANTANDER	CHIPATA	685551
SANTANDER	CIMITARRA	686041
SANTANDER	CIMITARRA - PUERTO ARAUJO	686049
SANTANDER	CONCEPCION	681511
SANTANDER	CONFINES	683531
SANTANDER	CONTRATACION	683071
SANTANDER	COROMORO	682531
SANTANDER	CURITI	682041
SANTANDER	EL CARMEN DE CHUCURI	686561
SANTANDER	EL GUACAMAYO	683061
SANTANDER	EL PENON	685021
SANTANDER	EL PLAYON	687501
SANTANDER	ENCINO	682541
SANTANDER	ENCISO	681561
SANTANDER	FLORIAN	684541
SANTANDER	FLORIDABLANCA	681002
SANTANDER	GALAN	684051
SANTANDER	GAMBITA	683031
SANTANDER	GIRON	687541
SANTANDER	GIRON - ACAPULCO	687547
SANTANDER	GUACA	681031
SANTANDER	GUADALUPE	683051
SANTANDER	GUAPOTA	683011
SANTANDER	GUAVATA	684501
SANTANDER	GUEPSA	685541
SANTANDER	HATO	683571
SANTANDER	JESUS MARIA	684551
SANTANDER	JORDAN - JORDAN SUBE	684011
SANTANDER	LA BELLEZA	685061
SANTANDER	LANDAZURI	686021
SANTANDER	LA PAZ	685511
SANTANDER	LEBRIJA	687571
SANTANDER	LOS SANTOS	684001
SANTANDER	MACARAVITA	681531
SANTANDER	MALAGA	682011
SANTANDER	MATANZA	680561
SANTANDER	MESA DE LOS SANTOS	684001
SANTANDER	MOGOTES	682501
SANTANDER	MOLAGAVITA	682031
SANTANDER	OCAMONTE	682561
SANTANDER	OIBA	683021
SANTANDER	ONZAGA	682521
SANTANDER	PALMAR	683581
SANTANDER	PALMAS DEL SOCORRO	683541
SANTANDER	PARAMO	683521
SANTANDER	PIEDECUESTA	681012
SANTANDER	PIEDECUESTA - PESCADERO	681019
SANTANDER	PINCHOTE	683511
SANTANDER	PUENTE NACIONAL	684521
SANTANDER	PUERTO PARRA	686001
SANTANDER	PUERTO WILCHES	687061
SANTANDER	PUERTO WILCHES - PUENTE SOGAMOSO	687067
SANTANDER	RIONEGRO	687511
SANTANDER	SABANA DE TORRES	687001
SANTANDER	SAN ANDRES	682001
SANTANDER	SAN GIL	684031
SANTANDER	SAN JOAQUIN	682511
SANTANDER	SAN JOSE DE MIRANDA	682021
SANTANDER	SAN MIGUEL	681551
SANTANDER	SANTA BARBARA	681021
SANTANDER	SANTA HELENA DEL OPON	685501
SANTANDER	SAN VICENTE DE CHUCURI	686531
SANTANDER	SAN VICENTE DE CHUCURI - YARIMA	686539
SANTANDER	SIMACOTA	683561
SANTANDER	SOCORRO	683551
SANTANDER	SOCORRO - BERLIN	683557
SANTANDER	SUAITA	683041
SANTANDER	SUAITA - OLIVAL	683049
SANTANDER	SUAITA - VADO REAL	683049
SANTANDER	SUCRE	685041
SANTANDER	SURATA	680501
SANTANDER	TONA	680541
SANTANDER	VALLE DE SAN JOSE	682571
SANTANDER	VELEZ	685561
SANTANDER	VETAS	680531
SANTANDER	VILLANUEVA	684021
SANTANDER	ZAPATOCA	684061
SUCRE	BUENAVISTA	702030
SUCRE	CAIMITO	704010
SUCRE	CHALAN	701010
SUCRE	COLOSO	707030
SUCRE	COROZAL	705030
SUCRE	COVENAS	706050
SUCRE	EL PITAL	704038
SUCRE	EL ROBLE	705050
SUCRE	GALERAS	702050
SUCRE	GUARANDA	703070
SUCRE	LA UNION	704050
SUCRE	LOS PALMITOS	701050
SUCRE	MAJAGUAL	703050
SUCRE	MORROA	701070
SUCRE	OVEJAS	701030
SUCRE	SAMPUES	705070
SUCRE	SAN BENITO ABAD	703010
SUCRE	SAN JOSE DE TOLUVIEJO - TOLUVIEJO	707050
SUCRE	SAN JUAN DE BETULIA - BETULIA	705010
SUCRE	SAN LUIS DE SINCE - SINCE	702070
SUCRE	SAN MARCOS	704030
SUCRE	SAN ONOFRE	707010
SUCRE	SAN PEDRO	702010
SUCRE	SANTIAGO DE TOLU - TOLU	706010
SUCRE	SINCELEJO	700003
SUCRE	SINCELEJO - CHOCHO	700009
SUCRE	SUCRE	703030
TOLIMA	ALPUJARRA	734560
TOLIMA	ALVARADO	730520
TOLIMA	AMBALEMA	731001
TOLIMA	ANZOATEGUI	730540
TOLIMA	ARMERO - ARMERO GUAYABAL	732060
TOLIMA	ARMERO - FUNDADORES	732067
TOLIMA	ARMERO - SAN FELIPE	732067
TOLIMA	ATACO	735050
TOLIMA	CAJAMARCA	732501
TOLIMA	CAJAMARCA - ANAIME	732507
TOLIMA	CARMEN DE APICALA	733590
TOLIMA	CASABIANCA	731520
TOLIMA	CHAPARRAL	735560
TOLIMA	COELLO	733501
TOLIMA	COELLO - GUALANDAY	733508
TOLIMA	COYAIMA	735020
TOLIMA	COYAIMA - CASTILLA	735028
TOLIMA	CUNDAY	734040
TOLIMA	DOLORES	734540
TOLIMA	ESPINAL	733520
TOLIMA	ESPINAL - CHICORAL	733529
TOLIMA	FALAN	732001
TOLIMA	FALAN - FRIAS	732007
TOLIMA	FLANDES	733510
TOLIMA	FRESNO	731560
TOLIMA	GUAMO	733540
TOLIMA	GUAMO - CHIPUELO ORIENTE	733558
TOLIMA	GUAMO - LA CHAMBA	733558
TOLIMA	HERVEO	731540
TOLIMA	HERVEO - PADUA	731548
TOLIMA	HONDA	732040
TOLIMA	IBAGUE	730001
TOLIMA	IBAGUE - BUENOS AIRES	730008
TOLIMA	IBAGUE - COELLO - COCORA	730017
TOLIMA	IBAGUE - EL TOTUMO	730008
TOLIMA	IBAGUE - JUNTAS	730018
TOLIMA	IBAGUE - LLANITOS	730019
TOLIMA	IBAGUE - PASTALES NUEVO	730019
TOLIMA	IBAGUE - TRES ESQUINAS	730019
TOLIMA	IBAGUE - VILLARESTREPO	730019
TOLIMA	ICONONZO	734020
TOLIMA	LA ARADA	734567
TOLIMA	LERIDA	731020
TOLIMA	LIBANO	731040
TOLIMA	LIBANO - EL CONVENIO	731048
TOLIMA	MELGAR	734001
TOLIMA	MELGAR - CUALAMANÁ 2	734001
TOLIMA	MURILLO	731060
TOLIMA	NATAGAIMA	735001
TOLIMA	NATAGAIMA - LA PALMITA	735008
TOLIMA	NATAGAIMA - VELU	735008
TOLIMA	ORTEGA	735501
TOLIMA	PALOCABILDO	731580
TOLIMA	PIEDRAS	730501
TOLIMA	PIEDRAS - DOIMA	730507
TOLIMA	PLANADAS	735070
TOLIMA	PLANADAS - GAITANIA	735077
TOLIMA	PRADO	734520
TOLIMA	PURIFICACION	734501
TOLIMA	PURIFICACION - CHENCHE ASOLEADO	734508
TOLIMA	RIOBLANCO	735580
TOLIMA	RIOBLANCO - HERRERA	735589
TOLIMA	RONCESVALLES	735550
TOLIMA	ROVIRA	733040
TOLIMA	SALDANA	733570
TOLIMA	SAN ANTONIO	735530
TOLIMA	SAN ANTONIO - PLAYARRICA	735537
TOLIMA	SAN LUIS	733001
TOLIMA	SAN LUIS - PAYANDE	733007
TOLIMA	SAN SEBASTIAN DE MARIQUITA - MARIQUITA	732020
TOLIMA	SANTA ISABEL	730560
TOLIMA	SANTIAGO PEREZ	735058
TOLIMA	SUAREZ	733580
TOLIMA	VALLE DE SAN JUAN	733020
TOLIMA	VENADILLO	730580
TOLIMA	VENADILLO - JUNÍN	730587
TOLIMA	VILLAHERMOSA	731501
TOLIMA	VILLARRICA	734060
VALLE DEL CAUCA	ALCALA	762040
VALLE DEL CAUCA	ANDALUCIA	763010
VALLE DEL CAUCA	ANSERMANUEVO	762010
VALLE DEL CAUCA	ARGELIA	761510
VALLE DEL CAUCA	BUENAVENTURA	764504
VALLE DEL CAUCA	BUENAVENTURA - ZARAGOZA	764508
VALLE DEL CAUCA	BUGALAGRANDE	763001
VALLE DEL CAUCA	CAICEDONIA	762540
VALLE DEL CAUCA	CALI	760041
VALLE DEL CAUCA	CALI - EL SALADITO	760009
VALLE DEL CAUCA	CALI - FELIDIA	760009
VALLE DEL CAUCA	CALI - LA BUITRERA	760032
VALLE DEL CAUCA	CALI - LA ELVIRA	760009
VALLE DEL CAUCA	CALIMA - DARIEN	760530
VALLE DEL CAUCA	CALI - MONTEBELLO	760009
VALLE DEL CAUCA	CALI - PANCE	760008
VALLE DEL CAUCA	CANDELARIA	763570
VALLE DEL CAUCA	CANDELARIA - EL CABUYAL	763578
VALLE DEL CAUCA	CANDELARIA - EL CARMELO	763579
VALLE DEL CAUCA	CANDELARIA - JUANCHITO	760021
VALLE DEL CAUCA	CANDELARIA - VILLA GORGONA	763579
VALLE DEL CAUCA	CARTAGO	762027
VALLE DEL CAUCA	CAUCA - BOLIVAR	761001
VALLE DEL CAUCA	DAGUA	760520
VALLE DEL CAUCA	DAGUA - EL QUEREMAL	760529
VALLE DEL CAUCA	DAGUA - LOBO GUERRERO	760528
VALLE DEL CAUCA	EL AGUILA	762001
VALLE DEL CAUCA	EL CAIRO	761501
VALLE DEL CAUCA	EL CERRITO	763520
VALLE DEL CAUCA	EL DOVIO	761560
VALLE DEL CAUCA	FLORIDA	763560
VALLE DEL CAUCA	GINEBRA	763510
VALLE DEL CAUCA	GINEBRA - COSTA RICA	763517
VALLE DEL CAUCA	GUACARI	763501
VALLE DEL CAUCA	GUACARI - SONSO	763507
VALLE DEL CAUCA	GUADALAJARA DE BUGA - BUGA	763041
VALLE DEL CAUCA	GUADALAJARA DE BUGA - EL PLACER	763048
VALLE DEL CAUCA	JAMUNDI	764001
VALLE DEL CAUCA	JAMUNDI - GATO DE MONTE	764001
VALLE DEL CAUCA	JAMUNDI - POTRERITO	764007
VALLE DEL CAUCA	LA CUMBRE	760510
VALLE DEL CAUCA	LA CUMBRE - PAVAS	760518
VALLE DEL CAUCA	LA UNION	761540
VALLE DEL CAUCA	LA VICTORIA	762510
VALLE DEL CAUCA	OBANDO	762501
VALLE DEL CAUCA	PALMIRA	763531
VALLE DEL CAUCA	PALMIRA - AMAIME	763537
VALLE DEL CAUCA	PALMIRA - BOLO ALIZAL	763537
VALLE DEL CAUCA	PALMIRA - BOLO ITALIA 1	763531
VALLE DEL CAUCA	PALMIRA - BOLO SAN ISIDRO	763537
VALLE DEL CAUCA	PALMIRA - CAUCASECO	763537
VALLE DEL CAUCA	PALMIRA - GUANABANAL	763537
VALLE DEL CAUCA	PALMIRA - LA DOLORES	760001
VALLE DEL CAUCA	PALMIRA - LA HERRADURA	763537
VALLE DEL CAUCA	PALMIRA - PALMASECA	763537
VALLE DEL CAUCA	PALMIRA - TABLONES	763539
VALLE DEL CAUCA	PALMIRA - TIENDA NUEVA	763538
VALLE DEL CAUCA	PRADERA	763550
VALLE DEL CAUCA	RESTREPO	760540
VALLE DEL CAUCA	RIOFRIO	761030
VALLE DEL CAUCA	RIOFRIO - FENICIA	761038
VALLE DEL CAUCA	RIOFRIO - SALONICA	761037
VALLE DEL CAUCA	ROLDANILLO	761550
VALLE DEL CAUCA	ROLDANILLO - HIGUERONCITO	761557
VALLE DEL CAUCA	ROZO - PALMIRA	763537
VALLE DEL CAUCA	SAN PEDRO	763030
VALLE DEL CAUCA	SAN PEDRO - PRESIDENTE	763038
VALLE DEL CAUCA	SEVILLA	762530
VALLE DEL CAUCA	TORO	761520
VALLE DEL CAUCA	TRUJILLO	761020
VALLE DEL CAUCA	TULUA	763022
VALLE DEL CAUCA	ULLOA	762030
VALLE DEL CAUCA	VERSALLES	761530
VALLE DEL CAUCA	VIJES	760550
VALLE DEL CAUCA	YOTOCO	761040
VALLE DEL CAUCA	YOTOCO - MEDIACANOA	761048
VALLE DEL CAUCA	YUMBO	760502
VALLE DEL CAUCA	YUMBO - DAPA LA VEGA	760507
VALLE DEL CAUCA	YUMBO - MULALO	760508
VALLE DEL CAUCA	ZARZAL	762520
VALLE DEL CAUCA	ZARZAL - LA PAILA	762528
VAUPÉS	MITÚ	970001
VICHADA	CUMARIBO	991001
VICHADA	LA PRIMAVERA	992001
VICHADA	PUERTO CARRENO	990001
VICHADA	SANTA ROSALIA	992050
